web-scraper-order,web-scraper-start-url,evento,evento-href,nome,data,localização,descrição,imagem,preço
"1638499612-516","https://www.sympla.com.br/eventos/belo-horizonte-mg/reveillon?c=sudeste&page=3","Sex, 31 Dez · 22:00Réveillon Pop/Funk - 8H DE OPEN BAR (31/12 | 22h) [Haus of Kaila + Villa Paraty]Villa Paraty - Belo Horizonte, MG","https://www.sympla.com.br/reveillon-pop-funk-8h-de-open-bar-31-12-22h-haus-of-kaila-villa-paraty__1413217","Réveillon Pop/Funk - 8H DE OPEN BAR (31/12 | 22h) [Haus of Kaila + Villa Paraty]","31 de dezembro de 2021, 22h  - 01 de janeiro de 2022, 06h","Villa Paraty - Belo Horizonte, MG","Descrição do evento
                        
                        Vamos dizer adeus a 2021 em grande estilo! Todos juntos celebrando com 8h de open bar (cerveja Brahma, vodka Orloff, energético, suco, refrigerante e água), tábua de frios e petiscos (enquanto durar o estoque), 5 DJs e performances de drag (DJs: Kaíque Brandão, Diegaaaaaa, Mersex e convidados a serem anunciados).Compre seu ingresso e venha curtir muito POP e FUNK na virada.Os que garantirem ingresso antecipado ganharão uma ficha ao entrar no evento para retirar sua taça de espumante para o brinde da virada!","url('https://images.sympla.com.br/619f8e5164429-lg.png');"">","R$ 130,00"
"1638499658-528","https://www.sympla.com.br/eventos/belo-horizonte-mg/reveillon?c=sudeste&page=3","Sex, 31 Dez · 21:00Réveillon Night Market 2022 - All InclusiveNight Market - Belo Horizonte, MG","https://www.sympla.com.br/reveillon-night-market-2022-all-inclusive__1379261","Réveillon Night Market 2022 - All Inclusive","31 de dezembro de 2021, 21h  - 01 de janeiro de 2022, 05h","Night Market - Belo Horizonte, MG","Descrição do evento
                        
                        ALL INCLUSIVE PREMIUM

 

A virada do ano é sempre mágica.
É um momento de renovação, de novas metas e claro, de muita energia boa. Por
isso a última noite de 2021 precisa ser especial: em um lugar incrível e
rodeado de amigos, além de muita música boa para deixar o clima ainda mais
surpreendente. 

 

Para abrir 2022 com o pé direito,
o Night Market te convida para o Réveillon mais esperado de Belo Horizonte, no
rooftop mais charmoso da cidade, com uma decoração especial e vista panorâmica
para a queima de fogos.

 

Uma noite cheia de surpresas e
superprodução, open bar premium e open food premium, duas pistas e várias
atrações especiais que não podem faltar na ÚLTIMA NOITE de 2021.

 

LINE




Atrações já confirmadas:

 

Boris Furman (sertanejo)

Jannotti
(Open Format)

Rond 
(Funk)

Rafa Xavier (Hip Hop/ Eletrônico)

Luks
(eletrônico).

 



FULL OPEN BAR PREMIUM:



- Red Bull sabores

- Zuur Gin 

- Absolut
Vodka 

-
Jamerson e Ballantines Whiskey 

- Cerveja (Corona, Becks, Bud e Stella)

- Zuur Drinks

- Espumante importado

- Vinhos importados

- Água Tônica 

- Sucos

- Refrigerante

- Água mineral





CARDÁPIO. 

 

Kinoko - comida japonesa

 

De 00:00 as 02:00 o melhor
da gastronomia japonesa,  temakis servidos pelas belas gueixas do Kinoko.
Uma experiência diferente e muito saborosa. Afinal de contas, no Kinoko, a
matéria-prima é escolhida cuidadosamente para a produção dos pratos tradicionais
da culinária japonesa.

 

Cristina Misk Buffet

 

Há
12 anos no mercado, o Buffet Cristina Misk oferece
aos convidados o refinamento, a elegância e os sabores da gastronomia mundial. O Buffet será servido de 21:00hrs
até as 03:30hras. Cristina Misk é sinônimo de qualidade e prestígio: é uma
experiência de bom gosto, muito além do sabor.




Salgados Frios

 

Batatinha Aperitivo com Salaminho
Italiano

Cestinhas Tailandesas de Filé

Petite Tartelette Pomodoro

Ramequim de Berinjela

Rolê de Palmito com Presunto

 

Salgados Assados

 

Vol au Vent de Alho Porró com
Geléia de Damasco

Mini Hamburguer

Mini Pizza Marguerita

Mini Pizza Napolitana

Bala Folhada de Azeitona

Cremozinho de Frango

Empanadas de Queijo e Ervas

Mini Quiche de Espinafre

 

Salgados Fritos

 

Bolinha Bicolor (espinafre e
tomate seco)

Bolinho Agridoce de Risoto com
Provolone

Bolinha Napolitana

Bolinho de Aipim com Queijo
Coalho

Bolinho de Siri Casulo de Anjo

Delícia de Alho Porró 

 

Ceia

 

Penne aos 4 queijos

Penne ao Molho Mediterrâneo com
Ragu de Costela

Penne ao Sugo com Manjericão

Penne com Iscas Bovina ao Molho
Madeira e Champignon

 

 

 

Mais informações: - 31.9.9993-7778- 31.9.9125-3054

Mesas (OPÇAO DE PAGAMENTO PIX)- 31.9.9993-7778- 31.9.9125-3054


O evento seguirá todas as normas e protocolos vigentes em 30 de dezembro de
2021.

Não será cobrada a taxa de rolha.

+18","url('https://images.sympla.com.br/6170723b58834-lg.jpg');"">","R$ 450,00"
"1638499573-506","https://www.sympla.com.br/eventos/belo-horizonte-mg/reveillon?c=sudeste&page=3","Sex, 31 Dez · 22:00Réveillon Topo do Mundo 2022R. Sen. Milton Campos, 145 - Nova Lima, MG","https://www.sympla.com.br/reveillon-topo-do-mundo-2022__1408125","Réveillon Topo do Mundo 2022","31 de dezembro de 2021, 22h  - 01 de janeiro de 2022, 03h","R. Sen. Milton Campos, 145 - Nova Lima, MG","Descrição do evento
                        
                        Após a expectativa de retomada das comemorações e festividades de forma segura, ficamos extremamente felizes em anunciar nosso Réveillon Topo do Mundo 2022! 

O evento está sendo preparado num formato seguro, confortável e animado, que acontece em sua décima quarta edição, com o visual de toda BH e Região Metropolitana, de onde se pode visualizar, de forma privilegiada, o belíssimo espetáculo da queima de fogos de artifícios nos diferentes pontos da cidade! O Réveillon será no formato pacotes fechados contemplando mesas para 04 (quatro) a 10 (dez) pessoas com menu especial do Chef Luiz Carlos Resende com entradas, pratos principais e sobremesas, além de bebidas (água, cerveja, refrigerantes, bar de drinques e espumante). 
O evento ainda conta com decoração especial, com salão em formato jantar, ambientação cuidadosamente preparada para que você possa iniciar 2022 como merece, no Topo! 
Adquira seu ingresso no valor do primeiro lote até o dia 30/11/2021: 

Mesa para 4 pessoas - Janela/Vidro - R$ 2.750,00 + Taxa (Por pessoa R$ 687,50 + Taxa)
Mesa para 4 pessoas - Central (Possibilita uma visão parcial da vista) - R$ 2.400,00 + Taxa (Por pessoa R$ 600,00 + Taxa)
 Horário de inicio: 22:00hsHorário término: 03:00hs
Evento Open Bar e Open Food com Menu assinado pelo Chef Luiz Carlos Rezende, incluindo:

Entradas:- Couvert - Canapés - antepastos e pães - carpaccio de filet com alcaparras- Salgados Finos- Cone de Salmão e mix de folhas- Camarão com blini de baroa e pupunha- Tartare de Ossobuco- Ceviche de Banana da terra em cestinha de fillo (vegano)
Jantar:- Bife Chorizzo grelhado com risoto tinto trufado- Dourado do mar e arroz negro- Filé à Wellingtoncom arroz caldoso- Penne à Primavera (opção vegetariana)
Sobremesas:- Corneto crocante com frutas vermelhas- Cestinha de chocolate e mousse de avelã- Banoffe
Bebidas:- Cervejas especiais Baden Baden- Espumante Brut e Moscatel/Demi-Sec (01 garrafa por mesa/4 pessoas)- Gin Tônica
- Caipirinha
- Caipivodka
- Moscow Mulle
Música: DJ Convidado - Tocando os melhores Hits do Momento.","url('https://images.sympla.com.br/61899ca745b92-lg.png');"">","R$ 2.850,00"
"1638499600-513","https://www.sympla.com.br/eventos/belo-horizonte-mg/reveillon?c=sudeste&page=3","Sex, 31 Dez · 20:30Reveillon 2022 NO PONTONo Ponto Espeteria - Belo Horizonte, MG","https://www.sympla.com.br/reveillon-2022-no-ponto__1400123","Reveillon 2022 NO PONTO","31 de dezembro de 2021, 20h30  - 01 de janeiro de 2022, 04h","No Ponto Espeteria - Belo Horizonte, MG","Descrição do evento
                        
                        Réveillon 2022 

Com todo carinho faremos a nossa virada de ano para celebrar e comemorar com vocês !!
Open BarWhisky
Vodka GinChoppEnergéticoSucoRefrigeranteÁguaOpen FoodBuffet de frios Tira-gostos e salgadosJantar servido em rechoud após a viradaLINE UP :Abertura da casa 20:30Dj 20:30 Banda 22:30
Tocando Ritmos variados ( Sertanejo, pagode , samba , pop rock , mpb)   
Virada com estouro de Espumantes 00hDj 00:00 

Banda: 01:00 as 03:00","url('https://images.sympla.com.br/618048de0acc9-lg.jpg');"">","R$ 160,00"
"1638499604-514","https://www.sympla.com.br/eventos/belo-horizonte-mg/reveillon?c=sudeste&page=3","Sex, 31 Dez · 22:00Réveillon Tati Bocão #TRIBALGranfino's - Belo Horizonte, MG","https://www.sympla.com.br/reveillon-tati-bocao-tribal__1383183","Réveillon Tati Bocão #TRIBAL","31 de dezembro de 2021, 22h  - 01 de janeiro de 2022, 07h","Granfino's - Belo Horizonte, MG","Descrição do evento
                        
                        Réveillon Tati Bocão #TRIBALLOTE  NO ESCURO DISPONÍVEL 100,00 pista 180,00 All inclusive Open bar, open food. Água, suco, cerveja, vodka, energético, Gin tropical, Gin maçã verde.Open Food:Frios, salgados, açaí, frutas.","url('https://images.sympla.com.br/617731e23f729-lg.jpg');"">","R$ 100,00"
"1638499637-523","https://www.sympla.com.br/eventos/belo-horizonte-mg/reveillon?c=sudeste&page=3","Sex, 31 Dez · 22:00REVEILLON DO UNDERGROUND 2022Underground Pub - Belo Horizonte, MG","https://www.sympla.com.br/reveillon-do-underground-2022__1295861","REVEILLON DO UNDERGROUND 2022","31 de dezembro de 2021, 22h  - 01 de janeiro de 2022, 06h","Underground Pub - Belo Horizonte, MG","Descrição do evento
                        
                        REVEILLON DO UNDERGROUND
OPEN ALL (OPEN BAR E OPEN FOOD)
BUFFET
Salmão Wellington Filé mignon com trifolate de cogumelosRocambole de frangoCanapé de gorgonzola com geleia de pimenta e nozesCanapé de tomate cereja com manjericãoCone de salaminho com azeitona negraDwich de pão de forma listradoMedalhão de palmito com Parma e gergelim negroBeignets de bacalhauBeignets de funghi e shitakeCestinha de massa phyllo Recheada de creme de alho poróCharturier de lomboMini trança de frango ao molho bechamelRolinho trufado de presuntoVou-au-vent com mix de cogumelos e azeiteVou-au-vent de camarão e tomilhoRisoto mineiroRisoto de funghiPenne ao molho
DOCES
Azedinho de damascoBombom crocanteBombom de morangoBombom de côcoBrigadeiro Rosa crispyCasquinha de chocolate com frutas vermelhasChapéu de NapoleãoCrock de chocolateLâminas de chocolate recheada com creme de amêndoas
MESA COM CAFÉ DA MANHÃ
OPEN BAR
Cerveja HeinekenChopp Laut PilsenCerveja Brahma
Wiskey Jack DanielsVodkaÁgua SucoRefrigerante Drinks
SHOWS
CASHLUREXVELOTROLPUTZ GRILLA

INGRESSOS LIMITADOS!
NÃO HAVERÁ RESERVA DE MESAS
PROIBIDO A ENTRADA DE MENORES DE 18 ANOS","url('https://images.sympla.com.br/6101bd9bd89f4-lg.jpg');"">","R$ 600,00"
"1638499634-522","https://www.sympla.com.br/eventos/belo-horizonte-mg/reveillon?c=sudeste&page=3","Sex, 31 Dez · 20:00REVEILLON 2022 HOTEL ALLIA GRAN PAMPULHAAllia Gran Pampulha Suítes - Belo Horizonte, MG","https://www.sympla.com.br/reveillon-2022-hotel-allia-gran-pampulha__1410542","REVEILLON 2022 HOTEL ALLIA GRAN PAMPULHA","31 de dezembro de 2021, 20h  - 01 de janeiro de 2022, 04h","Allia Gran Pampulha Suítes - Belo Horizonte, MG","Descrição do evento
                        
                        REVEILLON 2022 HOTEL ALLIA GRAN PAMPULHAO evento acontecera no Rooftop (cobertura) do Hotel com vista 360°, o espaço será todo coberto para não correr risco em caso de chuva.SHOWS:FELIPE VELOSO (SERTANEJO)
BANDA ASTRAL (BAILE)DJ VEGA (RITMOS VARIADOS)OPEN BAR:Agua, suco, refrigerante (Coca Cola, Guaraná e Fanta), energético, cerveja (Budweiser), vodka, gin. OBS: Para quem comprar mesa terá também direito a uma garrafa de ESPUMANTE.OBS: Os ingressos são até esgotar!(Evento limitado). OPEN FOOD:Mesa de frutas e frios, mesa de café da manha, salgados finos variados, jantar de massas italianas (a noite toda).EXCLUSIVO: Sushi (de 20h as 22h).O evento contara com uma equipe especializada de profissionais que atuam na área a mais de 15 anos tais como ( seguranças, policiais, brigadistas do corpo de bombeiro, barristas, garçons e toda equipe de produção.","url('https://images.sympla.com.br/618bd0b52099d-lg.jpg');"">","R$ 150,00"
"1638499618-518","https://www.sympla.com.br/eventos/belo-horizonte-mg/reveillon?c=sudeste&page=3","Sex, 31 Dez · 22:00Réveillon Viva La Vida 2022 - All InclusiveEspaço Província - Nova Lima, MG","https://www.sympla.com.br/reveillon-viva-la-vida-2022-all-inclusive__1370556","Réveillon Viva La Vida 2022 - All Inclusive","31 de dezembro de 2021, 22h  - 01 de janeiro de 2022, 06h","Espaço Província - Nova Lima, MG","Descrição do evento
                        
                        RÉVEILLON VIVA LA VIDA 2022Bem-vindos à virada mais incrível das nossas vidas!Comemorando
 nossa 11ª Edição, estamos elaborando uma virada ainda mais incrível 
para receber 2022, serão diversas atrações animadíssimas, três ambientes
 com vários lounges espalhados pelo evento, cenários instagramáveis, 
atendimento por garçons, cinco bares, área gourmet em um espaço arejado e
 aconchegante no elegante Espaço Província. Eleito
 por muitos como o melhor e mais selecionado Réveillon de Belo 
Horizonte, a nossa festa da virada, realizada em um dos melhores 
espaços mais desejados para casamentos. e que já faz parte da tradição 
de ano novo na região metropolitana de Belo Horizonte, oferece serviço 
Full Premium open bar e gastronomia de primeira com Buffet completo, em 
uma primorosa ambientação que conta com uma área verde requintada, ideal
 para realização de eventos, contando com uma infraestrutura de peso no 
estilo rústico, em que o paisagismo, por si só, já é uma decoração e 
propicia elegância a qualquer evento. Além disso, a área do deck da casa
 se transforma em uma animada pista de dança, com atrações selecionadas 
para embalar uma noite inesquecível.  A
 partir das 22h a noite começa com coquetel e champagne no lobby. Às 
23h, serão servidos diversos petit goumert e finger foods e a meia 
noite a tradicional ceia de Ano Novo. A partir das 00:30h até às 02\:00h Gastronomia Japonesa. Às 03:00h servidos doces e tortas e
 às 04:00h, os convidados terão acesso ao café da manhã. Open bar 
Premium estão incluídos à noite inteira.Comece o seu ano com as melhores vibrações possíveis, sofisticação, conforto e muita gete bonita. 
Local: Espaço Província 
Horário: 22:00 hrs

LINE UP:SWEET SOUND LIVE VOCAL (DJane e Live Vocal's Feminino) SAXHOUSEBEAT  (DJ + Saxofonista)
BANDA NO LABEL (CLÁSSICOS INTERNACIONAIS & POP ROCK)LIVE VIOLINO FLÁVIO MONTEIRO
DJ MAURÍCIO MAOLI 
VJ JONATHAN PINHEIRO 
ALEMÂO & PEDRO LEITTE (MÙSICA SERTANEJA)
BATERIA SHOW ESCOLA DE SAMBA  
Open Bar Super Premium:
Whisky CHIVAS & BALLANTINES
Vodka ABSOLUT & WYBOROWA BAR DE GIN IMPORTADO  
Espumante Rosé CONDE DE FOUCAULD 
Energético MONSTER
Cerveja EISENBAHNSCHWEPPES
Água mineral, sucos e refrigerantes 
Open Food Premium:JantarPetit Goumert
Salgados finos 
Gastronomia Japonesa
Espetinhos variadosDoces e tortas
Café da Manhã

VENDAS EM DINHEIRO SEM TAXA:
LOJA COLCCI SHOPPING DIAMOND MALL
LOTE ESPECIAL DE LANÇAMENTO - R$ 460,00 Casal ( ESGOTADOS)
1o Lote R$230 FEMININO - R$270 MASCULINO (ESGOTADOS)
Informações - (31)-99337-0995 (wpp) (31) 99665-0007 (wpp)
(31) 99145-3954 (wpp)

MESA 4 PESSOAS - APARTIR DE R$1600,00 (Espaço VIP diferenciado - Atendimento por garçons)

EVENTO TOTALMENTE A PROVA DE CHUVA 

CONVITES LIMITADOS 

Garanta o seu ingresso o quanto antes!

CLASSIFICAÇÃO: 21 ANOS

Siga nosso Instagram: @reveillonvivalavida 
ESTAMOS
 ACOMPANHANDO A ONDA VERDE DO MINAS CONSCIENTE E TODOS OS CONVIDADOS 
DEVERÃO ESTAR DE ACORDO COM OS PROTOCOLOS EXIGIDOS PELA PREFEITURA DE 
NOVA LIMA. Será permitida a entrada com apresentação do cartão de vacinação com as duas doses contra a Covid-19 completas. (Conecte SUS)
Caso o participante ainda não tenha completado as duas doses, poderá ser apresentado o resultado do teste negativo contra a Covid-19, desde que realizado 72h antes do evento.O Réveillon Viva La Vida seguirá as medidas exigidas pelo Decreto Municipal de Nova Lima.*Vale lembrar que na entrada do evento haverá aferição de temperatura e disponibilização de álcool em gel.
Política de ingressos Sympla:
-
 O ingresso é pessoal (nominal). É indispensável a apresentação de um 
documento de identificação original e oficial com foto, juntamente com o
 ingresso impresso ou no aplicativo da Sympla, para validação da 
titularidade.-
 Trocas de titularidade poderão ser realizadas pelo titular da compra; 
basta instalar nosso app! Se você ainda não instalou, clique em uma das 
opções a seguir: symp.la/android| symp.la/ios  .
 Após fazer o login, vá até a aba 'Ingressos', clique sobre o ingresso 
que deseja alterar e no menu 'Opções', selecione 'Editar participantes'.
 Siga os procedimentos indicados na tela e confira os dados preenchidos 
antes de confirmar a alteração! A troca pode ser realizada apenas uma 
vez por ingresso e a permissão para alterar estará disponível até 24 
horas antes do início do evento. Se desejar obter mais informações sobre
 o procedimento, acesse este link: bit.ly/TrocaSelfService. Dúvidas poderão ser encaminhadas para participante@sympla.com.br.- Em caso de arrependimento da compra, o reembolso do valor do ingresso somente
 será efetuado caso a solicitação seja feita no prazo de até 7 (sete) 
dias a contar da data da compra, e desde que realizado o pedido de 
devolução com, no máximo, 48 (quarenta e oito) horas de antecedência do 
horário de início do evento. Essa solicitação deve ser feita pelo 
titular da compra através do e-mail: participante@sympla.com.br.Caso
 não tenha recebido o ingresso (ou inscrição) em seu e-mail, você pode 
acessá-lo a qualquer momento através do aplicativo da Sympla, disponível
 na App Store ou Play Store (www.sympla.com.br/app), no site da Sympla (menu “Meus pedidos”), entrando em contato através do e-mail participante@sympla.com.brou acesse este link: bit.ly/CadeMeuIngresso.Outras informações podem ser encontradas em nossa Central de Ajuda: bit.ly/AjudaSympla.A Sympla não se responsabiliza por ingressos adquiridos em pontos de venda não oficiais.**Ao
 comprar este convite você autoriza o uso de sua imagem e voz em todo e 
qualquer material entre fotos, vídeos e documentos dos organizadores e 
patrocinadores.**","url('https://images.sympla.com.br/61604bee47a5c-lg.png');"">","R$ 270,00"
"1638499615-517","https://www.sympla.com.br/eventos/belo-horizonte-mg/reveillon?c=sudeste&page=3","Sex, 31 Dez · 21:00REVEILLON VIRADA FEST - MANSÃO PAMPULHACasa Pampulha - Belo Horizonte, MG","https://www.sympla.com.br/reveillon-virada-fest-mansao-pampulha__1401750","REVEILLON VIRADA FEST - MANSÃO PAMPULHA","31 de dezembro de 2021, 21h  - 01 de janeiro de 2022, 07h","Casa Pampulha - Belo Horizonte, MG","Descrição do evento
                        
                        RÉVEILLON VIRADA FEST 
É chegada a hora de recomeçar, celebrar um novo ciclo, com mais amor, muitos sorrisos, abraços e sonhos!A noite de réveillon é um momento  de renovação, alegria, traçar novas metas e muita energia positiva. Por isso convidamos você, amigos e família a celebrarem um novo ciclo com muita felicidade e saúde neste evento incrível, neste local exuberante com uma localização privilegiada!Venha dar boas-vindas ao tão esperado ano de 2022 com o pé direito e da melhor forma possível, com um clima diferenciado e surpreendente.
Preparem-se para uma experiência única e inesquecível!
::ATRAÇÕES::Davi Ferraz (Sertanejo)Sem Limite  (Samba | Pagode) Axé Vintage (Axé Music)Xandy Pisadão (Piseiro)Amine Jabour - Participação EspecialDj Hugo Raphael (World Music)Dj Carioca (Pop Funk)-------------------------------------------------------------------------------------------
Não fique de fora! Adquira seu ingresso sem taxa de conveniência com nossos comissários.
::SETOR PREMIUM::FEMININO R$ 190 / MASCULINO R$ 190 - 1° Lote::Open Bar (Gin Tônica, Whisky 08 anos, Vodka, Cerveja, Energético, Refrigerantes, Sucos e Água).::Open Food (Serviço volante de Salgados e Petiscos)-------------------------------------------------------------------------------------------

::SETOR MESA::
Open Bar: (Whisky 8 anos, Espumante, Vodka, Energético, Cerveja , Refrigerantes, Água e Sucos ).Open Food: Cantinho Mineiro e Ceia (filé ao molho madeira, farofa rica, salpicão, pernil, salada italiana, arroz branco e mesa de frutas).Acesso ao setor Premium.::Serviço de garçons::Banheiros exclusivosEntre em contato no número 98522-1590 e converse diretamente com o comissário.-------------------------------------------------------------------------------------------INFORMAÇÕESWHAT'S APP: (31) 98522-1590
WHAT'S APP: (31) 99260-4045
WHAT'S APP: (31) 98577-4755
-------------------------------------------------------------------------------------------::LOCAL::
Avenida Otacílio Negrão Lima, 4928 - Pampulha, Belo Horizonte
-------------------------------------------------------------------------------------------
CLASSIFICAÇÃO 18 ANOS.


INFORMAÇÕES IMPORTANTES SOBRE INGRESSO
- O ingresso é pessoal (nominal). É indispensável a apresentação de um documento de identificação original e oficial com foto, juntamente com o ingresso impresso ou no aplicativo da Sympla, para validação da titularidade;
- Outras informações podem ser encontradas em nossa Central de Ajuda: bit.ly/AjudaSympla

- A Sympla não se responsabiliza por ingressos adquiridos em pontos de venda não oficiais.
Protocolos Covid-19- O evento seguirá as medidas exigidas pelo Decreto Municipal de Belo Horizonte. - Será permitida a entrada com apresentação do cartão de vacinação e poderá ser apresentado o resultado do teste negativo contra a Covid-19, desde que realizado 72h antes do evento.- Na entrada, haverá aferição de temperatura e disponibilização de álcool em gel.","url('https://images.sympla.com.br/6182d038b450e-lg.png');"">","R$ 190,00"
"1638499577-507","https://www.sympla.com.br/eventos/belo-horizonte-mg/reveillon?c=sudeste&page=3","Sab, 01 Jan · 22:00ALIVE REVEILLON '22 - AFTER PARTYAFTER PARTY - ALIVE REVEILLON '22 - Nova Lima, MG","https://www.sympla.com.br/alive-reveillon-22-after-party__1412108","ALIVE REVEILLON '22 - AFTER PARTY","01 de janeiro de 2022, 22h  - 02 de janeiro de 2022, 06h","AFTER PARTY - ALIVE REVEILLON '22 - Nova Lima, MG","Descrição do evento
                        
                        ▬▬▬▬▬▬▬▬▬▬▬▬▬▬▬AFTER PARTYA primeira festa do ano! Siga também @alive.reveillon▬▬▬▬▬▬▬▬▬▬▬▬▬▬▬Data:  01 JAN Horário: 22:00SAVE THE DATE▬▬▬▬▬▬▬▬▬▬▬▬▬▬▬ATRAÇÕES:*Bê Souza**Alemão**Pedro Leitte*▬▬▬▬▬▬▬▬▬▬▬▬▬▬▬Evento com venda de bebidas e alimentação.Stay Tuned.▬▬▬▬▬▬▬▬▬▬▬▬▬▬▬
VERIFICAR DESCRIÇÃO REVEILLON ALIVE NO SITE  ::  https://www.sympla.com.br/reveillon-alive-2022---all-inclusive__1387410
ESTAMOS ACOMPANHANDO A ONDA VERDE DO MINAS CONSCIENTE E TODOS OS CONVIDADOS DEVERÃO ESTAR DE ACORDO COM OS PROTOCOLOS EXIGIDOS PELA PREFEITURA DE NOVA LIMA.
Será permitida a entrada com apresentação do cartão de vacinação com as duas doses contra a Covid-19 completas. (Conecte SUS)Caso o participante ainda não tenha completado as duas doses, poderá ser apresentado o resultado do teste negativo contra a Covid-19, desde que realizado 72h antes do evento.O Réveillon ALIVE 2022 seguirá as medidas exigidas pelo Decreto Municipal de Nova Lima.*Vale lembrar que na entrada do evento haverá aferição de temperatura e disponibilização de álcool em gel.Política de ingressos Sympla:- O ingresso é pessoal (nominal). É indispensável a apresentação de um documento de identificação original e oficial com foto, juntamente com o ingresso impresso ou no aplicativo da Sympla, para validação da titularidade.- Trocas de titularidade poderão ser realizadas pelo titular da compra; basta instalar nosso app! Se você ainda não instalou, clique em uma das opções a seguir: symp.la/android| symp.la/ios  . Após fazer o login, vá até a aba 'Ingressos', clique sobre o ingresso que deseja alterar e no menu 'Opções', selecione 'Editar participantes'. Siga os procedimentos indicados na tela e confira os dados preenchidos antes de confirmar a alteração! A troca pode ser realizada apenas uma vez por ingresso e a permissão para alterar estará disponível até 24 horas antes do início do evento. Se desejar obter mais informações sobre o procedimento, acesse este link: bit.ly/TrocaSelfService. Dúvidas poderão ser encaminhadas para participante@sympla.com.br.- Em caso de arrependimento da compra, o reembolso do valor do ingresso somente será efetuado caso a solicitação seja feita no prazo de até 7 (sete) dias a contar da data da compra, e desde que realizado o pedido de devolução com, no máximo, 48 (quarenta e oito) horas de antecedência do horário de início do evento. Essa solicitação deve ser feita pelo titular da compra através do e-mail: participante@sympla.com.br.Caso não tenha recebido o ingresso (ou inscrição) em seu e-mail, você pode acessá-lo a qualquer momento através do aplicativo da Sympla, disponível na App Store ou Play Store (www.sympla.com.br/app), no site da Sympla (menu “Meus pedidos”), entrando em contato através do e-mail participante@sympla.com.brou acesse este link: bit.ly/CadeMeuIngresso.Outras informações podem ser encontradas em nossa Central de Ajuda: bit.ly/AjudaSympla.A Sympla não se responsabiliza por ingressos adquiridos em pontos de venda não oficiais.**Ao comprar este convite você autoriza o uso de sua imagem e voz em todo e qualquer material entre fotos, vídeos e documentos dos organizadores e patrocinadores.**","url('https://images.sympla.com.br/61a819d5ce676-lg.jpg');"">","R$ 360,00"
"1638499652-526","https://www.sympla.com.br/eventos/belo-horizonte-mg/reveillon?c=sudeste&page=3","Sex, 31 Dez · 23:00RÉVEILLON CHURCH 2022Rua dos Inconfidentes, 1141 - Belo Horizonte, MG","https://www.sympla.com.br/reveillon-church-2022__1413434","RÉVEILLON CHURCH 2022","31 de dezembro de 2021, 23h  - 01 de janeiro de 2022, 05h","Rua dos Inconfidentes, 1141 - Belo Horizonte, MG","Descrição do evento
                        
                        ﻿RÉVEILLON CHURCH 2022
SEXTA 31/12 23h-05h
EVENTO 100% OPEN BAR
E assim iremos terminar o ano em grande estilo!
A Church mais uma vez abrirá suas portas para entregar excelência em um evento 100% OPEN BAR e divinamente decorado!
Line up
João Pieri
Stella Campy
Zennone 
Renan Felipe Pio+convidados
► CARDÁPIO
• DESTILADOS
Vodka OrloffGin NacionalWhisky Red LabelRum Oro
• CERVEJAS
Budweiser LongStella Long

• NÃO ALCOÓLICOS
Suco - morango / laranja / pêssegoRefrigerante - Coca / Coca Zero / SpriteEnergéticoTônicaÁgua com e sem gás
• DRINKS
Sex on the beachMojito com VodkaVodka com energéticoRed ginGin tropicalGin tônicaWhisky com energéticoCuba
+ Às 03hs serviremos uma mesa com frios, petiscos e frutas

► DRESS CODE - BRANCO/VERMELHO (mas não é obrigatório, vista-se da forma que se sentir confortável)
► INGRESSOS
• Garanta sua entrada comprando antecipado pelo Sympla;
_____________________________________________________________________
Vamos aos recados:
• Capacidade reduzida.
• Vamos fortalecer o rolê e seguir os protocolos de segurança! Máscara,
álcool em gel e mesas distanciadas!• Teremos sabão líquido, álcool em gel e papel tolha disponíveis em
todos os banheiros para higienização das mãos!____________________________________________
Church SavassiRua dos Inconfidentes, 1141,
Funcionários https://www.churchhouse.com.br/https://www.instagram.com/churchsavassi/https://www.facebook.com/churchhousebhtwitterNosso público é da diversidade, respeite as pessoas!►Evento para maiores de 18 anos.►Aceitamos cartão de crédito e
débito.

• Política de cancelamento:Cancelamentos de ingressos deverão ser solicitados até 48 horasantes do início do evento, ou seja, até 23hs do dia 29 de dezembro 2021.","url('https://images.sympla.com.br/618ebe695eb91-lg.jpg');"">","R$ 120,00"
"1638499626-520","https://www.sympla.com.br/eventos/belo-horizonte-mg/reveillon?c=sudeste&page=3","Sex, 31 Dez · 21:00REVEILLON RANCHO BILL 2022Rancho bill - Contagem, MG","https://www.sympla.com.br/reveillon-rancho-bill-2022__1398245","REVEILLON RANCHO BILL 2022","31 de dezembro de 2021, 21h  - 01 de janeiro de 2022, 06h","Rancho bill - Contagem, MG","Descrição do evento
                        
                        RÉVEILLON RANCHO BILL 2022 - ALL INCLUSIVEO Melhor Réveillon da Cena, sucesso absoluto, anuncia a sua 11ª edição com os melhores shows, TOTALMENTE OPEN BAR E OPEN FOOD!LIVE SHOWS:NEGA JACKIE & BandaDANI MORAIS & Banda
DJs:Pista 1DJ CLAUDIO DIAS (Dj residente MiNEIRO BILL)DJ ELOA PROCOPIO (BH)- SHOWS:NAYLA BRIZARDWANDERA JONESHOSTESS:PENÉLOPE FONTANAALL INCLUSIVEOPEN BAR: Cerveja (Skol/ Brahma), cuba. vodka Orloff, selvagem, HI-FI, Run, Energético, Refris (Coca-cola / Sprite / Fanta / Guaraná) e Água.+ RODADA DE CHAMPAGNE NA VIRADAOPEN FOOD: Mesa de frios, frutas, salgados tradicionais e finos.VENDA ANTECIPADAINDIVIDUAL:- LOTE PROMOCIONAL: R$ 180,00 (somente por poucos dias)- 1º LOTE: R$- 2º LOTE: R$MESAS PARA 4 e 6 PESSOAS - reserva antecipadaVENDAS POR ENQUANTO SOMENTE PELO SYMPLAEM BREVE VENDAS NOS PONTOS PRESENCIAIS.A mudança de lote pode ocorrer a qualquer momento de acordo com a disponibilidade de cada lote;
INFORMAÇÕESClassificação: 18 anos;Venda online se encerra as 19h do dia 31/DEZ;Valor sujeito a alteração na hora do evento;Evento Sujeito à lotação.

LOCAL: RANCHO BILL: Rua Sindicalista Lucio Guterres, nº 20. Chacara da Cótia, Contagem | MG |(31) 9 9766-2346 | 9 9458-8389 | 9 9745-8345REALIZAÇÃO:RANCHO BILL","url('https://images.sympla.com.br/617ca632b36cb-lg.jpg');"">","R$ 180,00"
"1638499648-525","https://www.sympla.com.br/eventos/belo-horizonte-mg/reveillon?c=sudeste&page=3","Sex, 31 Dez · 20:00Reveillon Carpe Squad - Welcome 2022Carlos Prates Airport - SBPR - Belo Horizonte, MG","https://www.sympla.com.br/reveillon-carpe-squad-welcome-2022__1379553","Reveillon Carpe Squad - Welcome 2022","31 de dezembro de 2021, 20h  - 01 de janeiro de 2022, 08h","Carlos Prates Airport - SBPR - Belo Horizonte, MG","Descrição do evento
                        
                        O melhor réveillon  de BH esta de volta.Em breve , maiores informações.INSTAGRAM: https://www.instagram.com/squadprodutorabh/","url('https://images.sympla.com.br/616871f64fa1d-lg.jpg');"">","R$ 50,00"
"1638499593-511","https://www.sympla.com.br/eventos/belo-horizonte-mg/reveillon?c=sudeste&page=3","Sex, 31 Dez · 22:00Réveillon Privilégio | Like Food BeerLike food beer - Betim, MG","https://www.sympla.com.br/reveillon-privilegio-like-food-beer__1413333","Réveillon Privilégio | Like Food Beer","31 de dezembro de 2021, 22h  - 01 de janeiro de 2022, 06h","Like food beer - Betim, MG","Descrição do evento
                        
                        Estávamos ansiosos para anunciar! Vai ter Réveillon no Like para fecharmos 2021 e começarmos 2022 com pé direito!
Shows com:
Henrique & Manoel
Magno Morais
DJ Miia Siqueira
DJ Brenin BHZ
DJ Mak3r
+ DJ Staash","url('https://images.sympla.com.br/619edf2537540-lg.png');"">","R$ 30,00"
"1638499589-510","https://www.sympla.com.br/eventos/belo-horizonte-mg/reveillon?c=sudeste&page=3","Sex, 31 Dez · 20:00RÉVEILLON NA PRAIA - 2022Praianus Bar - Belo Horizonte, MG","https://www.sympla.com.br/reveillon-na-praia-2022__1416823","RÉVEILLON NA PRAIA - 2022","31 de dezembro de 2021, 20h  - 01 de janeiro de 2022, 03h","Praianus Bar - Belo Horizonte, MG","Descrição do evento
                        
                        CLASSIFICAÇÃO LIVRE, MENORES DE 18 ANOS ACOMPANHADOS PELOS PAIS!REVÉILLON NA PRAIA | PAGODE | SERTANEJO| FUNK | 20H

Vendas no escuro. Shows de pagode, sertanejo, funk e DJs com ritmos variados. Bebidas e comidas pagos à parte! 
* Mesa de boas-vindas!(Até durar o estoque)
*Haverá venda de comidas e bebidas no local! 
Classificação livre. (Desde que menores estejam acompanhados pelos pais)
Cardápio especial para o dia- Pratos típicos com preços promocionais
RESERVAS DE MESAS E + INFORMAÇÕES:  (31) 99572-4887 (whats)","url('https://images.sympla.com.br/619e65fe5511b-lg.jpg');"">","R$ 30,00"
"1638499655-527","https://www.sympla.com.br/eventos/belo-horizonte-mg/reveillon?c=sudeste&page=3","Sex, 31 Dez · 22:00Reveillon Riba 2022Riba  - Nova Lima, MG","https://www.sympla.com.br/reveillon-riba-2022__1409330","Reveillon Riba 2022","31 de dezembro de 2021, 22h  - 01 de janeiro de 2022, 06h","Riba  - Nova Lima, MG","Descrição do evento
                        
                        【   REVEILLON RIBA 2022   】
A vida (re)começa agora ! 
O Riba subiu as montanhas de Nova Lima com uma proposta descontraída e atual para a noite do seu Reveillon. Uma SUPER PRODUÇÃO em um local inédito na grande BH, com 1.650m² de pura diversão, 4 bares para atendimento, praça de alimentação exclusiva e uma área open air planejada para assistir a queima de fogos do jeito que o seu ano novo merece ! 
Nos vemos la em RIBA !!! 
 ATRAÇÕES• DU MONTEIRO• CHRIS PIPINO• DJ ANDRÉ MAYRINK
OPEN BAR PREMIUM • Gin BEEFEATER• Vodka ABSOLUT• Whisky 8 anos• Espumante• Cerveja• Tônica• Sucos• Refri• Água
+ OPEN FOOD BY CÉLIA SOUTO MAYORCom mais de 40 anos de mercado o Buffet Célia Souto Mayor é referência em Minas Gerais, destacando-se pelo alto nível de qualidade. O sabor é incomparável e já foi aprovado pelos mais exigentes clientes do Brasil. É que para encantar e satisfazer você a nossa equipe escolheu os melhores ingredientes, criando um cardápio exclusivo para o nosso Reveillon.
Teremos Petiscos e Petit Gourmet (Coxinha de Frango com Catupiry, Crespinho de Milho com Creme Cheese, Espetinho de Frango ao Pomodoro, Bombom de Beringela e Gergelim, Cestinha de Massa Phyllo Recheada de Creme de Alho Porró, Beignets de Funghi, Shitake e Champignon).
Buffet Ponto Fixo (Pennine Rigate, Molho Trio de Queijos, Rigatoni, Ragú de Linguiça à Moda Napolitana e mais).
Cafeteria (Café Expresso, Suspiro, Petit Four Mini Cookie, Brigadeiro com Escamas de Chocolate e mais). 

Vendas abertas: www.sympla.com/riba2022
 Maiores Informações e lounges;Bela Grecco (31) 9.9292-0633Rodrigo Dimas: (31) 9.8749-1342Vini Freitas: (31) 9.9480-0876
@laprariba 

Vamos curtir em segurança: 
Para a entrada no Riba será exigida a apresentação do comprovante de vacinação completa (duas doses ou dose única) ou resultado de exame PCR ou Antígeno negativado nas últimas 72h, juntamente com seu documento original com foto. 
O comprovante de vacinação completo pode ser feito através da cópia do seu cartão de vacina ou através do App ConnectSUS. 

Política de ingressos Sympla:
- O ingresso é pessoal (nominal). É indispensável a apresentação de um documento de identificação original e oficial com foto, juntamente com o ingresso impresso ou no aplicativo da Sympla, para validação da titularidade.
- Trocas de titularidade poderão ser realizadas pelo titular da compra; basta instalar nosso app! Se você ainda não instalou, clique em uma das opções a seguir: symp.la/android| symp.la/ios  . Após fazer o login, vá até a aba 'Ingressos', clique sobre o ingresso que deseja alterar e no menu 'Opções', selecione 'Editar participantes'. Siga os procedimentos indicados na tela e confira os dados preenchidos antes de confirmar a alteração! A troca pode ser realizada apenas uma vez por ingresso e a permissão para alterar estará disponível até 24 horas antes do início do evento. Se desejar obter mais informações sobre o procedimento, acesse este link: bit.ly/TrocaSelfService. Dúvidas poderão ser encaminhadas para participante@sympla.com.br.
- Em caso de arrependimento da compra, o reembolso do valor do ingresso somente será efetuado caso a solicitação seja feita no prazo de até 7 (sete) dias a contar da data da compra, e desde que realizado o pedido de devolução com, no máximo, 48 (quarenta e oito) horas de antecedência do horário de início do evento. Essa solicitação deve ser feita pelo titular da compra através do e-mail: participante@sympla.com.br.
Caso não tenha recebido o ingresso (ou inscrição) em seu e-mail, você pode acessá-lo a qualquer momento através do aplicativo da Sympla, disponível na App Store ou Play Store (www.sympla.com.br/app), no site da Sympla (menu “Meus pedidos”), entrando em contato através do e-mail participante@sympla.com.br ou acesse este link: bit.ly/CadeMeuIngresso.
Outras informações podem ser encontradas em nossa Central de Ajuda: bit.ly/AjudaSympla.
A Sympla não se responsabiliza por ingressos adquiridos em pontos de venda não oficiais.","url('https://images.sympla.com.br/618aa7e2767f8-lg.png');"">","R$ 270,00"
"1638499581-508","https://www.sympla.com.br/eventos/belo-horizonte-mg/reveillon?c=sudeste&page=3","Sex, 31 Dez · 19:30RÉVEILLON 2022 | AA WINE EXPERIENCEAA Wine Experience - Belo Horizonte, MG","https://www.sympla.com.br/reveillon-2022-aa-wine-experience__1413924","RÉVEILLON 2022 | AA WINE EXPERIENCE","31 de dezembro de 2021, 19h30  - 01 de janeiro de 2022, 01h","AA Wine Experience - Belo Horizonte, MG","Descrição do evento
                        
                        Preparados para 2022? Esta virada será ÚNICA e um verdadeiro ritual de passagem para o início de um novo ciclo! Com mais luz, saúde e felicidade!E nós já estamos super preparados para celebrar com você em grande estilo no restaurante mais encantador e charmoso da cidade! Viva uma noite inesquecível regada a ótimos vinhos, um menu surpreendente e muita alegria!Para o Réveillon 2022, preparamos um verdadeiro banquete! Nosso menu contempla 1 entrada + 1 prato principal + 1 sobremesa, com bebidas e taxa de serviço não inclusas e cobradas à parte. OBS.: a taxa de 10% cobrada pelo Sympla não corresponde à taxa de serviço do restaurante.Confira abaixo os detalhes do nosso menu:ENTRADACrostini de pernil com ameixa ao creme de limão siciliano e crocante de nozes caramelada.Creme de lentilha com pancetta e redução de balsâmico com amora.
____________________
PRATO PRINCIPALPaleta de cordeiro cozida lenta ao próprio molho com risoto de hortelã, e crocante de castanha de caju.Bacalhoada de forno: Lascas de bacalhau, batatas, alho poro, cebola roxa, azeitona azapa, pimentões coloridos, tomates babys e ervas frescas.Penne ao molho de queijo brie é damasco com redução de vinho tinto.____________________SOBREMESACreme de chocolate branco com amêndoas lâminas e calda de romã.Brownie com creme de nozes e telha de chocolate crocante.
____________________VALOR: R$299,90 por pessoa / Compras apenas por mesaBebidas e taxas de serviço cobradas à parteHorário:Quer comprar sem taxas? Ligue para (31) 2512-0942 ou mande um Whatsapp clicando neste link: https://api.whatsapp.com/send?phone=553125120942","url('https://images.sympla.com.br/619021a9ac23b-lg.jpg');"">","R$ 599,80"
"1638499630-521","https://www.sympla.com.br/eventos/belo-horizonte-mg/reveillon?c=sudeste&page=3","Sex, 31 Dez · 22:00Réveillon Mister Rock 2022Mister Rock - Belo Horizonte, MG","https://www.sympla.com.br/reveillon-mister-rock-2022__1406557","Réveillon Mister Rock 2022","31 de dezembro de 2021, 22h  - 01 de janeiro de 2022, 05h","Mister Rock - Belo Horizonte, MG","Descrição do evento
                        
                        Réveillon 2022 Mister Rock
Enfim podemos lançar nosso Revellion!
Dia 31/12/2021Horário: 22:00 às 05:00
Shows com as bandas:
Mister Rock All Stars e ConvidadosSnowblind (Pearl Jam)Rockstation (Clássicos do Rock)Locomotive (Guns N' Roses)Militia (Metallica)

OPEN BAR
Cervejas Heineken / Brahma/ Laut Pilsen e Fuel / Cerveja sem álcool e Chopp 
Whisky: Jack Daniels / Red Label
Vodka: Orloff - Smirnoff
Agua / Suco / Coca / Guarana / Coca zero
Drinks: Caipifrutas, Caipivodkas, Caipirinhas, outros
OPEN FOOD
Salgados: Coxinha de catupiry, pastel assado, risole de milho c/requeijão, risole de carne, empada de frango, risole napolitano 
Salaminho / lombo canadense defumado / Azeitona / Muçarela / presunto / Capetinha / Sacanagem
Pratos quente: Estrogonofe de frango com arroz e batata palha
Café da manhã: Café / Chocolate quente / suco / biscoitos variados/ manteiga / pães variados 
Ingressos 
Individual - 200,00Mesa para 2 pessoas - 400,00Mesa para 4 pessoas - 800,00
Todos que comprarem ingresso, concorrerá a 01 par de ingressos + 02 passagens de ônibus leito para o Rock in Rio 2022 pela Mister Rock Tur. O sorteio será feito na noite do Revellion
No próximo dia 13/11 faremos um evento no Mister Rock com todas as bandas do Réveillon. Quem adquirir ingresso antecipado concorrerá ao sorteio de mais 01 par de ingressos para o nosso Revellion. O sorteio será feito no dia do evento. 
Informações: (31) 99238 7499","url('https://images.sympla.com.br/618840b3e0600-lg.jpg');"">","R$ 200,00"
"1638499641-524","https://www.sympla.com.br/eventos/belo-horizonte-mg/reveillon?c=sudeste&page=3","Sex, 31 Dez · 21:00RÉVEILLON 2022 - CASA DO ROCK -31 DEZEMBRO - 21 HORASRÉVEILLON 2022 - CASA DO ROCK - Belo Horizonte, MG","https://www.sympla.com.br/reveillon-2022-casa-do-rock-31-dezembro-21-horas__1409913","RÉVEILLON 2022 - CASA DO ROCK -31 DEZEMBRO - 21 HORAS","31 de dezembro de 2021, 21h  - 01 de janeiro de 2022, 05h","RÉVEILLON 2022 - CASA DO ROCK - Belo Horizonte, MG","Descrição do evento
                        
                        SOMOS 100% À PROVA DE CHUVA
ESTACIONAMENTO NO LOCAL GRATUITO
MAIOR QUANTIDADE DE BARES PARA SERVIÇOS
USO DA ARENA DO MERCADO DISTRITAL
EVENTO PARA POUCOS CONVIDADOS,
SEM FILA, EXCLUSIVO,
FOCADO 100% NA ENTREGA DOS NOSSOS SERVIÇOS,
UMA EXPERIÊNCIA HONESTA.CERVEJARIA LÄUT
APRESENTA
REVEILLON 2022
CASA DO ROCK
OPEN BAR
OPEN FOOD
ALL EXCLUSIVE

﻿A LÄUT ENTROU NO ROCK!
21HS às 05HS
LOCALIZAÇÃOMERCADO DISTRITAL DO CRUZEIRO
DISTRITAL
Rua Opala, s/n° - Bairro: Cruzeiro
PIXRESERVA VIA PIX SEM TAXAPara quem desejar realizar sua RESERVAvia PIX sem taxa,
favor clicar no link abaixo:CLIQUE AQUI PARA REALIZAR SUA RESERVA VIA PIX

ATENÇÃOA política padrão da Sympla garante o direito ao cancelamento do pedido até 07 (sete) dias após a reserva, desde que solicitação seja encaminhada ao Gerente até 48 horas antes do início da nossa abertura.
FORMATO
INGRESSO INDIVIDUAL
MESA BISTRÔ PARA 2 PESSOAS
MESAS PARA 4 PESSOAS( MESAS OCUPADAS POR ORDEM DE CHEGADA )

OPEN BAR
Cervejas
Chopp Artesanal LÄUT
Cerveja HeinekenCerveja BudweiserCerveja Brahma DestiladosJack Daniel's 07 / Horney / FireWhisky Red Label 8 anosWhisky Chivas 12 anos Zuur GinVodka Liquid
DrinksTropical GinGin TônicaGingibreXeque MateJack 'n'CokeVodka And Red Bull
Vinhos e Espumantes Consecha TarapacaRosëCabernet SauvignonMerlotSavignon BlancChardonay
EspumanteSalton BrutSalton Rosë Brut
Soft Drinks Água SucoRefrigeranteRed Bull
OPEN FOOD
assinado pelo
Buffet Cristina Misk
Há 20 anos no mercado, o Buffet Cristina Misk oferece aos convidados o refinamento, a elegância e os sabores da gastronomia mundial.Cristina Misk é sinônimo de qualidade e prestígio: é uma experiência de bom gosto, muito além do sabor.
Mesa de Petiscos
Linguicinha Frita
Mandioquinha Frita
Batata Frita Palito
Mix de Azeitonas com Ramos de Alecrim
Espiral Crocante com Trio de Molesons
Batatinhas à Vinagrete
Berinjela Marroquina
Baguete Francesa Fatiada

Salgados Assados
Vol au Vent de Alho Porró com Geléia de Damasco
Bala Folhada de Azeitona
Cremozinho de Frango
Empanadas de Queijo e Ervas
Mini Quiche de Espinafre

Salgados Fritos﻿
Isca de Camarão com Molho Tártaro
Croqueta de Costela ao Molho de Mostarda e Mel
Delícia de Alho Porró
Bolinho Agridoce de Risoto com ProvoloneBolinha Bicolor (espinafre e tomate seco)
Quibinho
Pastel Frito de Carne
Pastel Frito de Queijo
Bolinho de Bacalhau
Casulo de Anjo
Bolinho de Siri
Bolinho de Aipim com Queijo Coalho
Bolinha Napolitana
Massas
Servidas à vontade no buffet
Penne com Iscas Bovina ao Molho Madeira e Champignon
Penne ao Molho Mediterrâneo com Ragu de Costela

Mesa de Café
Quitutes
Petits fours
Casquinha de laranja e limão
Mini Broa Cremosa de Fubá
Suco de Laranja
Bombom de Brigadeiro
Presentinho Crocante
Palha Italiana

SAVE THE DATE
OPEN BAR
OPEN FOOD
ALL EXCLUSIVE

SEXTA-FEIRA
31 DE DEZEMBRO
A PARTIR DAS 21 HORAS

* ATRAÇÕES *﻿

VELOTROL
CLÁSSICOS DO ROCK

LUREXQUEEN TRIBUTE

CASH
THE BEST ROCK
FORMATO LIVE SHOW
BANDA COMPLETA
LOCOMOTIVEGUNS 'N' ROSES TRIBUTE

* DJ *

DJ KRIOK
RICARDO LUTTERBACH

No que depender de nós, a noite nunca vai ter fim!
""Rock 'n' Roll pode não resolver seus problemas, mas permite que você dance por todos eles.""
Pete Townshend﻿

LOCALIZAÇÃO PRIVILEGIADAAS MELHORES BANDAS DE ROCK DO CIRCUITO MINEIRO
SOMOS 100% A PROVA DE CHUVA - 100% COBERTO 
PROTOCOLOS COVID
* O evento seguirá as medidas exigidas pelo Decreto Municipal de Belo Horizonte.
* Será permitida a entrada com apresentação do cartão de vacinação com as duas doses contra a Covid-19 completas, no período de 15 dias antes da data do evento.
* Caso o participante ainda não tenha completado as duas doses, poderá ser apresentado o resultado do teste negativo contra a Covid-19, desde que realizado 72h antes do evento.
* Na entrada, haverá aferição de temperatura e disponibilização de álcool em gel.
* Parceria ROCK DO MERCADO e Droga Clara. Ao apresentar o seu ingresso em qualquer unidade Droga Clara, você paga R$34,90 no teste AG Rápido Swab Nasal (antígeno).

Política de ingressos Sympla:
- O ingresso é pessoal (nominal). É indispensável a apresentação de um documento de identificação original e oficial com foto, juntamente com o ingresso impresso ou no aplicativo da Sympla, para validação da titularidade.- Trocas de titularidade poderão ser realizadas pelo titular da compra; basta instalar nosso app! Se você ainda não instalou, clique em uma das opções a seguir: symp.la/android| symp.la/ios  . Após fazer o login, vá até a aba 'Ingressos', clique sobre o ingresso que deseja alterar e no menu 'Opções', selecione 'Editar participantes'. Siga os procedimentos indicados na tela e confira os dados preenchidos antes de confirmar a alteração! A troca pode ser realizada apenas uma vez por ingresso e a permissão para alterar estará disponível até 24 horas antes do início do evento. Se desejar obter mais informações sobre o procedimento, acesse este link: bit.ly/TrocaSelfService. Dúvidas poderão ser encaminhadas para participante@sympla.com.br.- Em caso de arrependimento da compra, o reembolso do valor do ingresso somente será efetuado caso a solicitação seja feita no prazo de até 7 (sete) dias a contar da data da compra, e desde que realizado o pedido de devolução com, no máximo, 48 (quarenta e oito) horas de antecedência do horário de início do evento. Essa solicitação deve ser feita pelo titular da compra através do e-mail: participante@sympla.com.br.Caso não tenha recebido o ingresso (ou inscrição) em seu e-mail, você pode acessá-lo a qualquer momento através do aplicativo da Sympla, disponível na App Store ou Play Store (www.sympla.com.br/app), no site da Sympla (menu “Meus pedidos”), entrando em contato através do e-mail participante@sympla.com.brou acesse este link: bit.ly/CadeMeuIngresso.Outras informações podem ser encontradas em nossa Central de Ajuda: bit.ly/AjudaSympla.A Sympla não se responsabiliza por ingressos adquiridos em pontos de venda não oficiais.**Ao comprar este convite você autoriza o uso de sua imagem e voz em todo e qualquer material entre fotos, vídeos e documentos dos organizadores e patrocinadores.**","url('https://images.sympla.com.br/618af52a19d0c-lg.jpg');"">","R$ 280,00"
"1638499597-512","https://www.sympla.com.br/eventos/belo-horizonte-mg/reveillon?c=sudeste&page=3","Sex, 31 Dez · 21:00ÚLTIMA NOITE º REVEILLON 2022 º BELLAGIO º MC KEKELBellagio Villa Bar - Nova Lima, MG","https://www.sympla.com.br/ultima-noite-o-reveillon-2022-o-bellagio-o-mc-kekel__1419311","ÚLTIMA NOITE º REVEILLON 2022 º BELLAGIO º MC KEKEL","31 de dezembro de 2021, 21h  - 01 de janeiro de 2022, 05h","Bellagio Villa Bar - Nova Lima, MG","Descrição do evento
                        
                        O Bellagio Vila da Serra, está preparando uma festa de Réveillon que vai transformar as suas expectativas em experiências inigualáveis;
Usando todo o complexo da casa que abrange desde o deck de mesas, o clube e os camarotes, a noite do réveillon promete ser única. Uma SUPER PRODUÇÃO com praça de alimentação exclusiva, atração nacional, 6 bares para atendimento, espaço ""relax"" e um ambiente open air totalmente planejada para você começar o ano com boas energias. 
Um Open Bar Premium, com drinks exclusivos e tudo o que você deseja para uma noite renovadora;
Atrações
 • MC Kekel-  autor dos hits ""Partiu"" e ""Namorar pra que?""• Boris Furman - Revelação do sertanejo em Minas Gerais • Dj Dope - Eletrônico • Djs Rond - Funk
• + Djs open format 

Open Bar:
• Gin Zuur• Red Bull (todos os sabores)
• Vodka Absolut• Whisky Ballantines • Espumante • Vinhos importados
• Cerveja • Refrigerante, Tônica e Citrus• Suco• Água
Lembre-se que, em nossa festa, sua única preocupação é não se preocupar. De qualquer modo, se precisar, estamos aqui para ajudá-lo. Todos os serviços e comodidades em um só lugar – Lojinha, Praça de Alimentação, Central de Atendimento e concierge.
Mesas: Teremos um espaço reservado para mesas. Temos mesas para 4 convidados e são vendidas da seguinte forma: Valor individual multiplicado por quatro. Isso garante que os integrantes das mesas possam chegar em horários diferentes e que cada um tenha o seu ingresso. O local das mesas será reservado e a entrada será liberada mediante credenciamento que será realizado na entrada do evento somente para quem adquiriu este beneficio. Teremos um bar de apoio próximo as mesas e atendimento com garçons. Cada mesa receberá um combo com 8 Red Bulls e uma garrafa super premium de vodka, whisky ou gin. 


 Maiores Informações, empresariais, camarotes, mesas:Rabelo: +55 31 99125-3054Lucas : +55 31 99928-1989André:  +55 31 99993-7778
CANCELAMENTOS - Em caso de arrependimento da compra, o reembolso do valor do ingresso somente será efetuado caso a solicitação seja feita no prazo de até 7 (sete) dias a contar da data da compra, e desde que realizado o pedido de devolução com, no máximo, 48 (quarenta e oito) horas de antecedência do horário de início do evento. Essa solicitação deve ser feita pelo titular da compra através do e-mail: participante@sympla.com.br. Caso não tenha recebido o ingresso (ou inscrição) em seu e-mail, você pode acessá-lo a qualquer momento através do aplicativo da Sympla, disponível na App Store ou Play Store (www.sympla.com.br/app), no site da Sympla (menu “Meus pedidos”), entrando em contato através do e-mail participante@sympla.com.br ou acesse este link: bit.ly/CadeMeuIngresso.Outras informações podem ser encontradas em nossa Central de Ajuda: bit.ly/AjudaSympla.A Sympla não se responsabiliza por ingressos adquiridos em pontos de venda não oficiais.","url('https://images.sympla.com.br/6197b3d22082f-lg.jpg');"">","R$ 280,00"
"1638499607-515","https://www.sympla.com.br/eventos/belo-horizonte-mg/reveillon?c=sudeste&page=3","Sex, 31 Dez · 22:00RÉVEILLON 2022 JACK ROCK BAR!Jack Rock Bar - Belo Horizonte, MG","https://www.sympla.com.br/reveillon-2022-jack-rock-bar__1416714","RÉVEILLON 2022 JACK ROCK BAR!","31 de dezembro de 2021, 22h  - 01 de janeiro de 2022, 06h","Jack Rock Bar - Belo Horizonte, MG","Descrição do evento
                        
                        Essa será Pro Ano Nascer Feliz! Estão todos preparados para o incrível Réveillon 2022 do Jack Rock Bar?! Garanta já o seu ingresso! Se você não abre mão de curtir rock n’ roll na virada e com um toque muito especial, seu lugar só pode ser no Jack Rock Bar! Venha celebrar o melhor Ano Novo da sua vida ao som das consagradas bandas Balão Vermelho, Velotrol e Vinil, com grandes sucessos do rock de todos os tempos! Decoração especial, uma vibe única e open food exclusivo com a deliciosa assinatura do Buffet Célia Soutto Mayor!
1º Lote | R$ 290,00 - Open Bar + Open Food2º Lote | R$ 320,00 - Open Bar + Open Food3º Lote | R$ 350,00 - Open Bar + Open Food
*** O PAGAMENTO PODERÁ SER REALIZADO VIA PIX SEM TAXAS
Informações pelo nosso Whatsapp 31 97156-7826 
**OPEN BAR PREMIUM

Stella Artois
SpatenBudweiserJack Daniel's
Red BullEspumante Salton BrutEspumante Salton Rosé
GinVodkaRefrigerante comum e lightCitrus
TônicaÁgua com gás e sem gás.
*CARTA DE COQUETÉIS
Moscow MuleCosmopolitan On The RocksMojitoSex on The Beach
Gin TônicaCaipiVodka
*SHOTS DO ROCK
Iron Man (Jägermeister, Xarope de Manga, Suco de Laranja e Pimenta Tabasco)Heartbreaker (Orloff Vanilla, Grenadine e Suco de Cranberry)Satisfaction (Licor de Café, Amarula e Café em Pó)Californication (Gin, Licor de Pêssego, Licor de Café e Pimenta Tabasco)Orloff Fireshot (Orloff, Grenadine e Pimenta Tabasco)
**OPEN FOOD PREMIUM 
COM ASSINATURA DO BUFFET CÉLIA SOUTTO MAYOR

*PETISCOS
Coxinha de Frango com Catupiry

Crespinho de Milho Com Creme Cheese

Quibe Recheado
Tosta de Catupiry com Damasco e Bacon

Folhado aos Quatro Queijos

Espetinho de Frango Ao Pomodoro

Mini Trançadinha de Frango e Porco ao Molho Bechamel

Charutinho de Camarão Soutto Mayor
Pizzeta Calabresa

Pizzeta Marguerita

Cestinha de Massa Phyllo Recheada de Creme de Alho Porró

Brandade de Pupunha com Alcaparras

Mini Cachorro Quente

Bolinho de Bacalhau Assado ao Molho Pesto

Beignets de Funghi, Shitake e Champignon

Rolinho Trufado de Presunto
*PRATO QUENTE VOLANTE
Pennine Rigate

Ragú de Linguiça à Moda Napolitana

Pennine Rigate
Molho Trio de Queijos

Parmesão Ralado

Salsa Crespa

*BRUSQUETERIA E MESA DE ANTEPASTOS
Queijo Brie No Rechaud

Cone de Caramelo com Frutas secas (240gr)

Tomatinhos Confitados com Azeite e Manjericão

Caponata de Berinjela

Pães Rústicos

Parma Em Lâminas

Salaminho Italiano Fatiado

Queijo de Minas das Vertentes
Queijo Gorgonzola (Peça)
Uva Thompson
Pernil Inteiro com Osso Temperado com Ervas
Pão de Queijo
*CAFETERIA

Suspiro (150gr)
Flocos de Chocolate
Flocos de Chocolate
Tiras de Laranja
Palha Italiana
Brigadeiro
Caramelado de Coco
Cajuzinho
Supreme de Chocolate com Nozes
Café Espresso
Petit Four Mini Cookie_ _ _ _
INFORMAÇÕES:
Pelo nosso Whatsapp 31 97156-7826, em horário comercial ou sábado e domingo, de 13h às 18h.

*CLASSIFICAÇÃO 18 ANOS. Impróprio para menores de 18 anos","url('https://images.sympla.com.br/61979f7e6d3c5-lg.png');"">","R$ 290,00"
"1638499569-505","https://www.sympla.com.br/eventos/belo-horizonte-mg/reveillon?c=sudeste&page=3","Sex, 31 Dez · 22:00Réveillon Branco & AmareloChácara Brizza’s  - Contagem, MG","https://www.sympla.com.br/reveillon-branco-amarelo__1399022","Réveillon Branco & Amarelo","31 de dezembro de 2021, 22h  - 01 de janeiro de 2022, 05h","Chácara Brizza’s  - Contagem, MG","Descrição do evento
                        
                        O Réveillon Branco & Amarelo continua sendo sua melhor opção para celebrar a chegada do ano novo em Contagem ,
Nossa história já tem 12 anos de sucesso e neste ano não seria diferente , realizado pelo empresário Claudionor Restaurante Bom Tempero .Vamos dar boas-vindas a 2022 numa festa inesquecível, com serviço ALL INCLUSIVE PREMIUM, transbordando energia positiva em um dos melhores espaços de eventos da cidade Chácara Brizzas com muito conforto e sofisticação!
Venha viver uma nova emoção com a gente!
● HORÁRIO      31 de Dezembro 22 hrs      1º de Janeiro 5 hrs 
● LOCAL DO EVENTO    CHÁCARA BRIZZASAv. dos Trompetes, n. 47 -Estância Imperiais do Madeiro- Contagem/MG
● ATRAÇÕES 
Kleber & GustavoSamba Du B Jeanderson & Iago Dj Marquinho 
● OPEN FOOD Mesa de frios Mesa de frutas Petiscos variados Buffet de massas 
CANTINHO VIOLA & PETISCOS Moda de viola Porco no rolete Costela gaúcha Arroz & Tropeiro 
 Café da manhã  
OPEN BAR ÁguaRefrigerantesCerveja ( Brahma - Brussels )Vodka Smirnof Gin Tônica Sucos Espumante ( na virada )EnergéticoCopos Personalizados

Informações e vendas : Restaurante Bom Tempero (31) 3363-0014
Promoção Roney Bigão (31) 98849-9356","url('https://images.sympla.com.br/617eff0745bea-lg.jpg');"">","R$ 170,00"
"1638499623-519","https://www.sympla.com.br/eventos/belo-horizonte-mg/reveillon?c=sudeste&page=3","Sex, 31 Dez · 21:00REVEILLON ALIVE 2022 - ALL INCLUSIVEALIVE REVEILLON - Nova Lima, MG","https://www.sympla.com.br/reveillon-alive-2022-all-inclusive__1387410","REVEILLON ALIVE 2022 - ALL INCLUSIVE","31 de dezembro de 2021, 21h  - 01 de janeiro de 2022, 06h","ALIVE REVEILLON - Nova Lima, MG","Descrição do evento
                        
                        ALIVE REVEILLON 2022
Para
começar um novo ano com o pé direito, uma combinação de beleza, conforto,
sofisticação e serviço ALL INCLUSIVE.
Com uma estrutura impecável e em um formato especial, o Espaço Mariângela é o local escolhido, para receber a edição desta festa incrível e minuciosamente desenvolvida, pelo JÂNGAL e a BASTIDORES EVENTOS.
Considerado por muitos um pedacinho do paraíso na
terra, a estrutura do local conta com um belíssimo lago envolto à exuberância de jardins, conjugados a um charmoso deck e espaços multiuso. Um dos mais disputados da atualidade, para
casamentos e festas renomadas, o espaço prima pela beleza da natureza e requinte, além de contar com uma infraestrutura diferenciada e única, desenvolvida para proporcionar experiências inesquecíveis.
Serão três ambientes com vários lounges e mesas de apoio espalhados pelo evento, cenários interativos, atendimento de garçons, Drinkeria BY JÂNGALITO e bares de apoio. Nossa área gourmet receberá serviço completo de OPEN FOOD PREMIUM: Snacks e Fingerfood BY JÂNGAL como entrada, Festival de Massas, Comida Oriental Japonesa e Breakfast.
Nosso FULL OPEN
BAR atenderá horário integral do evento e será composto por bebidas da maior qualidade!
Duas pistas e várias atrações que deixarão o clima
ainda mais surpreendente.
Veja logo abaixo descrição completa!
Quando tudo
se conecta para que a intensidade da sua experiência seja única, transforme sua
vida e faça você se sentir VIVO!
INFO: (31) 9 9819-4444 (WHATSAPP)
ATENÇÃO!!! Ao efetuar a compra da opção COMBO de eventos, verifique descrição do AFTER PARTY na pagina oficial do evento AFTER aqui no SYMPLA (DIA 01/01/2022 22H Às 6H.
▬▬▬▬▬▬▬▬▬▬▬▬▬▬▬
LINE UP
- RICK & RICARDO- BAILE DO MAGUÁ- FUNKYOU- PUTZ GRILLA- DJ MICHEL LARA- PALOMA MARQUESEm Breve MAIS NOVIDADES!

▬▬▬▬▬▬▬▬▬▬▬▬▬▬▬

FULL OPEN BAR - Água Mineral- Sucos- Refrigerantes- Água Tônica- Energético- Vinhos Importados- Espumante Importados- Jangalito Driqueria- Clube do Whisky (Jamerson, Ballatine's, Black&White e Grant's)- Vodka Absolut- Gin Zuur e Seagrams- Cerveja
▬▬▬▬▬▬▬▬▬▬▬▬▬▬▬

OPEN FOOD PREMIUM
SNACKS & FINGERFOOD BY JÂNGAL - 22:00 às 00:00FESTIVAL DE MASSAS - 00:00 às 02;00BUFFET JAPA - 02:00 às 04:00BREAKFAST - 04:00 às 06:00
SIGA NOSSO INSTAGRAM @alive.reveillon
▬▬▬▬▬▬▬▬▬▬▬▬▬▬▬

DESCRIÇÃO SNACKS & FINGERFOOD:
- CESTINHAS CROCANTES: Recheadas com salpicão ao creme de ricota.- TARTELES: À indiana com curry.- BRUSQUETAS: Com tomatinhos, azeitona e mussarela.- CANAPÉS: Com geléia de damasco.- BATATINHAS APERITIVO: Mini batatinhas bolinhas com bacon e cheddar.- MIX SURPRESA DE PASTEL DE FEIRA: Com sabores diversos (queijo, carne e pizza).- SKEWER DE FRANGO, QUEIJO E BACON: Aquele franguinho bronzeado com queijo parmesão e bacon. Além da deliciosa geleia depimenta. - COXINHA DE FESTA: Sabe aquelas coxinhas que você come igual pipoca? - BROCHETINHOS: Mini espetos de brochete grelhado de contra filé com molho pesto. - COCÓRIBACON: Mini espetos grelhados de frango envolvidos em tiras de bacon. Finalizados com molhomostarda e mel da casa.- ZÉ POLENTA: Tradicional pastel de angu. Sabores: carne seca com requeijão / palmito, tomate seco echeddar / alho poró com requeijão. - FALAFEL (vegan): Bolinhos de grão de bico estilo árabe. Acompanha molho lemon pepper da casa. - PASTÉIS PORTUGUESES DE ABÓBORA COM CARNE SECA: Feitos com massa de abóbora e recheio de carne seca cremosa. - CEVICHE DE TILÁPIA COM LEGUMES: Cubos de tilápia crus marinados em suco de limão. - FOLHADOS DE ALHO PORÓ: Deliciosos e rechedos com cream cheese e alho poró.- EMPADINHAS DE PALMITO: As famosas empadinhas são paixão nacional! - MINI BURGERS: Deliciosos, suculentos E100% artesanais de carne, de frango ou de blad vegano com queijocheddar derretido.- BOLINHOS DE BACALHAU: Deliciosas bolinhas de bacalhau.- ROLINHO À PRIMAVERA DE CAMARÃO: Deliciosos rolinhos de camarão com catupiry e legumes. Crocante por fora e uma explosão desabor a cada mordida acompanhada com molho agridoce.- AO CUBO: Dadinhos de tapioca acompanhados com molho especial de goiabada da casa. - LINGUICINHAS NO PALITO: Linguiça artesanal ao tempero do chef, flambada no conhaque.
É MUITO SABOR!
AGUARDE, EM BREVE MAIS INFORMAÇÕES!
ESTAMOS ACOMPANHANDO A ONDA VERDE DO MINAS CONSCIENTE E
TODOS OS CONVIDADOS DEVERÃO ESTAR DE ACORDO COM OS PROTOCOLOS EXIGIDOS PELA
PREFEITURA DE NOVA LIMA.
Será permitida a entrada com apresentação do cartão de
vacinação com as duas doses contra a Covid-19 completas. (Conecte SUS)Caso o participante ainda não tenha completado as duas
doses, poderá ser apresentado o resultado do teste negativo contra a Covid-19,
desde que realizado 72h antes do evento.O Réveillon ALIVE 2022 seguirá as medidas exigidas pelo
Decreto Municipal de Nova Lima.*Vale lembrar que na entrada do evento haverá aferição de
temperatura e disponibilização de álcool em gel.Política de ingressos Sympla:- O ingresso é pessoal (nominal). É indispensável a
apresentação de um documento de identificação original e oficial com foto,
juntamente com o ingresso impresso ou no aplicativo da Sympla, para validação
da titularidade.- Trocas de titularidade poderão ser realizadas pelo titular
da compra; basta instalar nosso app! Se você ainda não instalou, clique em uma
das opções a seguir: symp.la/android| symp.la/ios  . Após fazer o login, vá até a aba
'Ingressos', clique sobre o ingresso que deseja alterar e no menu 'Opções',
selecione 'Editar participantes'. Siga os procedimentos indicados na tela e
confira os dados preenchidos antes de confirmar a alteração! A troca pode ser
realizada apenas uma vez por ingresso e a permissão para alterar estará
disponível até 24 horas antes do início do evento. Se desejar obter mais
informações sobre o procedimento, acesse este link: bit.ly/TrocaSelfService.
Dúvidas poderão ser encaminhadas para participante@sympla.com.br.- Em caso de arrependimento da compra, o reembolso do valor
do ingresso somente será efetuado caso a solicitação seja feita no prazo de até
7 (sete) dias a contar da data da compra, e desde que realizado o pedido de
devolução com, no máximo, 48 (quarenta e oito) horas de antecedência do horário
de início do evento. Essa solicitação deve ser feita pelo titular da compra
através do e-mail: participante@sympla.com.br.Caso não tenha recebido o ingresso (ou inscrição) em seu
e-mail, você pode acessá-lo a qualquer momento através do aplicativo da Sympla,
disponível na App Store ou Play Store (www.sympla.com.br/app), no site da
Sympla (menu “Meus pedidos”), entrando em contato através do e-mail
participante@sympla.com.brou acesse este link: bit.ly/CadeMeuIngresso.Outras informações podem ser encontradas em nossa Central de
Ajuda: bit.ly/AjudaSympla.A Sympla não se responsabiliza por ingressos adquiridos em
pontos de venda não oficiais.**Ao comprar este convite você autoriza o uso de sua imagem
e voz em todo e qualquer material entre fotos, vídeos e documentos dos
organizadores e patrocinadores.**","url('https://images.sympla.com.br/619cd9c2b4cb6-lg.jpg');"">","R$ 320,00"
"1638499585-509","https://www.sympla.com.br/eventos/belo-horizonte-mg/reveillon?c=sudeste&page=3","Sex, 31 Dez · 19:30RÉVEILLON 2022 | Amadeus Restaurante e BarAmadeus Restaurante e Bar - Belo Horizonte, MG","https://www.sympla.com.br/reveillon-2022-amadeus-restaurante-e-bar__1404360","RÉVEILLON 2022 | Amadeus Restaurante e Bar","31 de dezembro de 2021, 19h30  - 01 de janeiro de 2022, 01h","Amadeus Restaurante e Bar - Belo Horizonte, MG","Descrição do evento
                        
                        Este réveillon merece uma comemoração especial! Depois de quase dois anos sem poder festejar, chegou o nosso momento de tirar o atraso e celebrar a chegada do Ano Novo em alto estilo!Viva momentos inesquecíveis na virada aqui no Amadeus. Oferecemos um ambiente requintado e aconchegante, regado a um banquete mais que perfeito!Preparamos um buffet especial de Réveillon livre para você e sua família comerem os pratos favoritos das festas de fim ano à vontade! Confira abaixo o nosso menu e garanta a sua mesa!BUFFET DE PRATOS FRIOS E MESA DE FRUTASSalpicãoSalada
de batatas com atumCuscuzSalada
de lentilhasSalada
de tomate com ricota Salada
de manga, abacate e tomateAbacaxi
grelhado na manteigaPalmitoRosbifeCarpaccio
bovinoCarpaccio
suínoOvo
de codornaTomate
secoMaionese
de legumesCuscuz
paulistaTomate
assadoInvoltine
de abobrinhaBruschetas
de tomateCanapésLegumes
ao fornoGrão
de bicoTabuleTenderCaponataQueijosPãesPera
ao vinhoMesa
de frutas
BUFFET DE PRATOS QUENTESSalmão ao molho de maracujáFilet ao poivrePernil ao molho de romãPernil de cordeiroGaletoRavioli de abóbora com camarão ao
curryBrandade de bacalhauPenne ao molho de cogumelos e
filet em cubosRisotto toscano (linguiça,
azeitona e tomate)Risotto à primaveraArroz comumArroz om lentilha e crisp de
cebolaBatatas ao murro com creme de
queijoPastel de carneTorta de frangoFarofa ricaInvoltini de abobrinha recheado
com ricota e nozes ao pomodoroTomate recheado com carne moída_______________________________________VALORR$209,90 POR PESSOABebidas e buffet de sobremesas à parte + taxa de serviçoHORÁRIO: 19h30 às 01h
QUER COMPRAR SEM TAXAS? Ligue para (31) 3261-4292 ou mande um Whatsapp clicando neste link: https://api.whatsapp.com/send?phone=553132614292","url('https://images.sympla.com.br/618464b4682a6-lg.jpg');"">","R$ 419,80"
